ds,trend,yhat_lower,yhat_upper,trend_lower,trend_upper,monthly,monthly_lower,monthly_upper,multiplicative_terms,multiplicative_terms_lower,multiplicative_terms_upper,yearly,yearly_lower,yearly_upper,additive_terms,additive_terms_lower,additive_terms_upper,yhat
2009-12-06,187495.59994098626,266594.4705613197,334530.51573567465,187495.59994098626,187495.59994098626,0.0881511034784201,0.0881511034784201,0.0881511034784201,0.602296411030999,0.602296411030999,0.602296411030999,0.5141453075525788,0.5141453075525788,0.5141453075525788,0.0,0.0,0.0,300423.5268695463
2009-12-13,187524.1780715733,225373.54507437948,292330.4524648388,187524.1780715733,187524.1780715733,0.20654614947377553,0.20654614947377553,0.20654614947377553,0.37794284631875175,0.37794284631875175,0.37794284631875175,0.17139669684497622,0.17139669684497622,0.17139669684497622,0.0,0.0,0.0,258397.59968552814
2009-12-20,187552.75620216035,168720.7615703392,237346.57515774146,187552.75620216035,187552.75620216035,0.2683173568560289,0.2683173568560289,0.2683173568560289,0.07752957090546153,0.07752957090546153,0.07752957090546153,-0.1907877859505674,-0.1907877859505674,-0.1907877859505674,0.0,0.0,0.0,202093.64091265047
2009-12-27,187581.3343327474,83352.22498557433,153454.41994437177,187581.3343327474,187581.3343327474,0.04973655867694752,0.04973655867694752,0.04973655867694752,-0.36358963314268067,-0.36358963314268067,-0.36358963314268067,-0.41332619181962815,-0.41332619181962815,-0.41332619181962815,0.0,0.0,0.0,119378.70579828926
2010-01-10,187638.490594015,117376.7966914427,187825.3964682635,187638.490594015,187638.490594015,-0.12079231881631182,-0.12079231881631182,-0.12079231881631182,-0.1877176821675242,-0.1877176821675242,-0.1877176821675242,-0.0669253633512124,-0.0669253633512124,-0.0669253633512124,0.0,0.0,0.0,152415.4280542937
2010-01-17,187667.06872464877,138295.01869829773,207437.31255889495,187667.06872464877,187667.06872464877,-0.24448666777682598,-0.24448666777682598,-0.24448666777682598,-0.07728314596769033,-0.07728314596769033,-0.07728314596769033,0.16720352180913572,0.16720352180913572,0.16720352180913572,0.0,0.0,0.0,173163.56725907314
2010-01-24,187695.64685204314,139700.3682070395,206444.86784659934,187695.64685204314,187695.64685204314,-0.17705385119332476,-0.17705385119332476,-0.17705385119332476,-0.07416952985984261,-0.07416952985984261,-0.07416952985984261,0.10288432133348219,0.10288432133348219,0.10288432133348219,0.0,0.0,0.0,173774.34896828805
2010-01-31,187724.2249794375,109493.79638768661,177009.02572458165,187724.2249794375,187724.2249794375,-0.000343184655035525,-0.000343184655035525,-0.000343184655035525,-0.2330265577820999,-0.2330265577820999,-0.2330265577820999,-0.23268337312706433,-0.23268337312706433,-0.23268337312706433,0.0,0.0,0.0,143979.49502016668
2010-02-07,187752.80310683185,73537.69850142389,142680.13698996973,187752.80310683185,187752.80310683185,0.13383163211598104,0.13383163211598104,0.13383163211598104,-0.426304071494913,-0.426304071494913,-0.426304071494913,-0.560135703610894,-0.560135703610894,-0.560135703610894,0.0,0.0,0.0,107713.01870780668
2010-02-14,187781.38123423993,86550.73493030586,158665.23216870756,187781.38123423993,187781.38123423993,0.26541710791636147,0.26541710791636147,0.26541710791636147,-0.3595592027135451,-0.3595592027135451,-0.3595592027135451,-0.6249763106299066,-0.6249763106299066,-0.6249763106299066,0.0,0.0,0.0,120262.85751320838
2010-02-21,187809.959361648,95888.57013196523,163258.39893324874,187809.959361648,187809.959361648,0.12791138953019845,0.12791138953019845,0.12791138953019845,-0.29941904808514314,-0.29941904808514314,-0.29941904808514314,-0.4273304376153417,-0.4273304376153417,-0.4273304376153417,0.0,0.0,0.0,131576.08010867395
2010-02-28,187838.5374897512,136162.52056935683,202673.096911692,187838.5374897512,187838.5374897512,0.06697305264537796,0.06697305264537796,0.06697305264537796,-0.10301059572444983,-0.10301059572444983,-0.10301059572444983,-0.16998364836982782,-0.16998364836982782,-0.16998364836982782,0.0,0.0,0.0,168489.17784292254
2010-03-07,187867.11561785438,141432.90543030176,213024.8150490894,187867.11561785438,187867.11561785438,-0.035809623321375765,-0.035809623321375765,-0.035809623321375765,-0.0572314276449952,-0.0572314276449952,-0.0572314276449952,-0.021421804323619426,-0.021421804323619426,-0.021421804323619426,0.0,0.0,0.0,177115.2123834972
2010-03-14,187895.6937459576,109515.77777244146,180392.48108247816,187895.6937459576,187895.6937459576,-0.23864928632046142,-0.23864928632046142,-0.23864928632046142,-0.22085375060059426,-0.22085375060059426,-0.22085375060059426,0.01779553571986707,0.01779553571986707,0.01779553571986707,0.0,0.0,0.0,146398.22506046222
2010-03-21,187924.27187048396,113244.28023867667,180195.37393275904,187924.27187048396,187924.27187048396,-0.24376503341900516,-0.24376503341900516,-0.24376503341900516,-0.22174917087975665,-0.22174917087975665,-0.22174917087975665,0.022015862539248462,0.022015862539248462,0.022015862539248462,0.0,0.0,0.0,146252.22039502216
2010-03-28,187952.84999501036,138160.8923762416,205466.3094768989,187952.84999501036,187952.84999501036,-0.08894407036331341,-0.08894407036331341,-0.08894407036331341,-0.09865364941761434,-0.09865364941761434,-0.09865364941761434,-0.009709579054300983,-0.009709579054300983,-0.009709579054300983,0.0,0.0,0.0,169410.61542456114
2010-04-04,187981.42811953675,133586.3747710132,201497.88359683697,187981.42811953675,187981.42811953675,0.03823525377498846,0.03823525377498846,0.03823525377498846,-0.10516065100274871,-0.10516065100274871,-0.10516065100274871,-0.14339590477773717,-0.14339590477773717,-0.14339590477773717,0.0,0.0,0.0,168213.17876205986
2010-04-11,188010.0062396789,127485.10598233013,197630.96126490997,188010.0062396789,188010.0062396789,0.22045120558872866,0.22045120558872866,0.22045120558872866,-0.14178908633659232,-0.14178908633659232,-0.14178908633659232,-0.362240291925321,-0.362240291925321,-0.362240291925321,0.0,0.0,0.0,161352.23923281784
2010-04-18,188038.58435982108,89425.89067765433,159880.72259111752,188038.58435982108,188038.58435982108,0.1776565629208615,0.1776565629208615,0.1776565629208615,-0.3278441789725791,-0.3278441789725791,-0.3278441789725791,-0.5055007418934406,-0.5055007418934406,-0.5055007418934406,0.0,0.0,0.0,126391.22905520948
2010-04-25,188067.16248030803,105994.95408829431,174570.79794631802,188067.16248030803,188067.16248030803,0.16512385106627614,0.16512385106627614,0.16512385106627614,-0.24796286586532285,-0.24796286586532285,-0.24796286586532285,-0.41308671693159904,-0.41308671693159904,-0.41308671693159904,0.0,0.0,0.0,141433.48989653154
2010-05-02,188095.74060079496,144649.1406550888,210852.9514239015,188095.74060079496,188095.74060079496,0.06302069452769107,0.06302069452769107,0.06302069452769107,-0.055509820326998666,-0.055509820326998666,-0.055509820326998666,-0.11853051485468973,-0.11853051485468973,-0.11853051485468973,0.0,0.0,0.0,177654.5798357711
2010-05-09,188124.31872128192,144557.16503402006,211262.4962847499,188124.31872128192,188124.31872128192,-0.19801625370035894,-0.19801625370035894,-0.19801625370035894,-0.045546577747375694,-0.045546577747375694,-0.045546577747375694,0.15246967595298325,0.15246967595298325,0.15246967595298325,0.0,0.0,0.0,179555.89981247098
2010-05-16,188152.89684047486,141226.92330811897,208328.93680257758,188152.89684047486,188152.89684047486,-0.2641008830397528,-0.2641008830397528,-0.2641008830397528,-0.06760487976329778,-0.06760487976329778,-0.06760487976329778,0.19649600327645506,0.19649600327645506,0.19649600327645506,0.0,0.0,0.0,175432.8428724584
2010-05-23,188181.4749596678,128620.94734986685,197225.34282060133,188181.4749596678,188181.4749596678,-0.15684507970741368,-0.15684507970741368,-0.15684507970741368,-0.13467983757235585,-0.13467983757235585,-0.13467983757235585,0.02216524213505791,0.02216524213505791,0.02216524213505791,0.0,0.0,0.0,162837.2244779734
2010-05-30,188210.05307997274,109135.69542032298,174350.9969584352,188210.05307997274,188210.05307997274,-0.0621366823063662,-0.0621366823063662,-0.0621366823063662,-0.25305791552928586,-0.25305791552928586,-0.25305791552928586,-0.1909212332229196,-0.1909212332229196,-0.1909212332229196,0.0,0.0,0.0,140582.00936589862
2010-06-06,188238.63120027765,126036.63865623156,193911.0768683129,188238.63120027765,188238.63120027765,0.1392795123219299,0.1392795123219299,0.1392795123219299,-0.15499449717265365,-0.15499449717265365,-0.15499449717265365,-0.29427400949458354,-0.29427400949458354,-0.29427400949458354,0.0,0.0,0.0,159062.67920892203
2010-06-13,188267.20932058254,132707.46838810918,199886.98009236128,188267.20932058254,188267.20932058254,0.18803183061519918,0.18803183061519918,0.18803183061519918,-0.1014293727414992,-0.1014293727414992,-0.1014293727414992,-0.28946120335669834,-0.28946120335669834,-0.28946120335669834,0.0,0.0,0.0,169171.3843714033
2010-06-20,188295.78743527725,148652.07416824182,217804.4493744546,188295.78743527725,188295.78743527725,0.22667730546758588,0.22667730546758588,0.22667730546758588,-0.025594333463542063,-0.025594333463542063,-0.025594333463542063,-0.2522716389311279,-0.2522716389311279,-0.2522716389311279,0.0,0.0,0.0,183476.48226187853
2010-06-27,188324.36554997193,149841.27600133093,215511.01457822087,188324.36554997193,188324.36554997193,0.15720568522576317,0.15720568522576317,0.15720568522576317,-0.04513590477707209,-0.04513590477707209,-0.04513590477707209,-0.20234159000283525,-0.20234159000283525,-0.20234159000283525,0.0,0.0,0.0,179824.1749193059
2010-07-04,188352.94366466664,112265.55255302519,176047.34932251845,188352.94366466664,188352.94366466664,-0.12869672232257678,-0.12869672232257678,-0.12869672232257678,-0.23192154354303973,-0.23192154354303973,-0.23192154354303973,-0.10322482122046295,-0.10322482122046295,-0.10322482122046295,0.0,0.0,0.0,144669.83823908196
2010-07-11,188381.5217741285,114093.25805039228,184428.67132400416,188381.5217741285,188381.5217741285,-0.23278706764579177,-0.23278706764579177,-0.23278706764579177,-0.20679847007668797,-0.20679847007668797,-0.20679847007668797,0.02598859756910378,0.02598859756910378,0.02598859756910378,0.0,0.0,0.0,149424.51128052044
2010-07-18,188410.0998835903,133194.22155866423,201663.4222065871,188410.0998835903,188410.0998835903,-0.1880826814119332,-0.1880826814119332,-0.1880826814119332,-0.11569668515136786,-0.11569668515136786,-0.11569668515136786,0.07238599626056531,0.07238599626056531,0.07238599626056531,0.0,0.0,0.0,166611.6758780208
2010-07-25,188438.67799150877,116184.9666477471,186476.13568450173,188438.67799150877,188438.67799150877,-0.1505457483616807,-0.1505457483616807,-0.1505457483616807,-0.2014413988943211,-0.2014413988943211,-0.2014413988943211,-0.050895650532640405,-0.050895650532640405,-0.050895650532640405,0.0,0.0,0.0,150479.32709110272
2010-08-01,188467.2560994272,108961.3063735051,175713.5297716103,188467.2560994272,188467.2560994272,0.0340292617598489,0.0340292617598489,0.0340292617598489,-0.23904939223210528,-0.23904939223210528,-0.23904939223210528,-0.2730786539919542,-0.2730786539919542,-0.2730786539919542,0.0,0.0,0.0,143414.2730732066
2010-08-08,188495.83420734562,106322.20656560829,172153.17458734754,188495.83420734562,188495.83420734562,0.15601761681760054,0.15601761681760054,0.15601761681760054,-0.2560119870150434,-0.2560119870150434,-0.2560119870150434,-0.412029603832644,-0.412029603832644,-0.412029603832644,0.0,0.0,0.0,140238.64114786487
2010-08-15,188524.4123139495,127396.9702898223,198479.29400719624,188524.4123139495,188524.4123139495,0.2406018157124381,0.2406018157124381,0.2406018157124381,-0.12705457227099748,-0.12705457227099748,-0.12705457227099748,-0.3676563879834356,-0.3676563879834356,-0.3676563879834356,0.0,0.0,0.0,164571.52374475947
2010-08-22,188552.99042055337,151762.81673432735,220337.56252043397,188552.99042055337,188552.99042055337,0.22988095917485052,0.22988095917485052,0.22988095917485052,0.0009286141812792637,0.0009286141812792637,0.0009286141812792637,-0.2289523449935713,-0.2289523449935713,-0.2289523449935713,0.0,0.0,0.0,188728.08340138049
2010-08-29,188581.56852135828,117415.86317881032,186965.10125031293,188581.56852135828,188581.56852135828,-0.041299776297159266,-0.041299776297159266,-0.041299776297159266,-0.1939250877763108,-0.1939250877763108,-0.1939250877763108,-0.15262531147915148,-0.15262531147915148,-0.15262531147915148,0.0,0.0,0.0,152010.8712928595
2010-09-05,188610.14662216319,94128.08902412883,162302.67705723614,188610.14662216319,188610.14662216319,-0.1554381384978196,-0.1554381384978196,-0.1554381384978196,-0.31323355445382434,-0.31323355445382434,-0.31323355445382434,-0.15779541595600466,-0.15779541595600466,-0.15779541595600466,0.0,0.0,0.0,129531.11998964605
2010-09-12,188638.72472296812,103343.91674240323,168224.676032946,188638.72472296812,188638.72472296812,-0.17524781440571222,-0.17524781440571222,-0.17524781440571222,-0.27412036260765815,-0.27412036260765815,-0.27412036260765815,-0.09887254820194588,-0.09887254820194588,-0.09887254820194588,0.0,0.0,0.0,136929.0091000619
2010-09-19,188667.2565604112,141875.0701236274,211165.1543055303,188667.2565604112,188667.2565604112,-0.2140417802707824,-0.2140417802707824,-0.2140417802707824,-0.0770926752955367,-0.0770926752955367,-0.0770926752955367,0.1369491049752457,0.1369491049752457,0.1369491049752457,0.0,0.0,0.0,174122.3930114997
2010-09-26,188695.78839785425,228027.54651108765,293914.46509561024,188695.78839785425,188695.78839785425,-0.07807236989906548,-0.07807236989906548,-0.07807236989906548,0.3721285225316361,0.3721285225316361,0.3721285225316361,0.45020089243070155,0.45020089243070155,0.45020089243070155,0.0,0.0,0.0,258914.87334229003
2010-10-03,188724.3202352973,285029.86152530386,353085.9092589818,188724.3202352973,188724.3202352973,0.08815110347981915,0.08815110347981915,0.08815110347981915,0.6933095558621566,0.6933095558621566,0.6933095558621566,0.6051584523823373,0.6051584523823373,0.6051584523823373,0.0,0.0,0.0,319568.69487801864
2010-10-10,188752.8520707477,287773.8483229928,352665.8201006614,188752.8520707477,188752.8520707477,0.20654614947458108,0.20654614947458108,0.20654614947458108,0.6981148256613326,0.6981148256613326,0.6981148256613326,0.4915686761867516,0.4915686761867516,0.4915686761867516,0.0,0.0,0.0,320524.016487197
2010-10-17,188781.38390619814,255354.36906358306,324808.52246568387,188781.38390619814,188781.38390619814,0.26831735685668506,0.26831735685668506,0.26831735685668506,0.5351418905086067,0.5351418905086067,0.5351418905086067,0.2668245336519217,0.2668245336519217,0.2668245336519217,0.0,0.0,0.0,289806.21058259206
2010-10-24,188809.91573825863,202512.719853989,271783.98951622716,188809.91573825863,188809.91573825863,0.049736558675584464,0.049736558675584464,0.049736558675584464,0.25383183216979327,0.25383183216979327,0.25383183216979327,0.2040952734942087,0.2040952734942087,0.2040952734942087,0.0,0.0,0.0,236735.88258192508
2010-10-31,188838.44757031914,224288.25900316515,292474.2163795391,188838.44757031914,188838.44757031914,-0.04794087193120249,-0.04794087193120249,-0.04794087193120249,0.36637774885153196,0.36637774885153196,0.36637774885153196,0.4143186207827344,0.4143186207827344,0.4143186207827344,0.0,0.0,0.0,258024.65288775068
2010-11-07,188866.97940237963,272554.86648599047,343862.4946977905,188866.97940237963,188866.97940237963,-0.12079231881633948,-0.12079231881633948,-0.12079231881633948,0.6292034787647389,0.6292034787647389,0.6292034787647389,0.7499957975810784,0.7499957975810784,0.7499957975810784,0.0,0.0,0.0,307702.7398661452
2010-11-14,188895.51123486404,292832.5612885636,361885.42101226695,188895.51123486404,188895.51123486404,-0.24448666777679248,-0.24448666777679248,-0.24448666777679248,0.7306626672750989,0.7306626672750989,0.7306626672750989,0.9751493350518913,0.9751493350518913,0.9751493350518913,0.0,0.0,0.0,326914.4093100232
2010-11-21,188924.04306734848,307086.05856140424,374056.4814697173,188924.04306734848,188924.04306734848,-0.17705385119558648,-0.17705385119558648,-0.17705385119558648,0.8055055856718926,0.8055055856718926,0.8055055856718926,0.9825594368674792,0.9825594368674792,0.9825594368674792,0.0,0.0,0.0,341103.41502581484
2010-11-28,188952.5745707501,310887.92489518406,378083.6614634325,188952.5745707501,188952.5745707501,-0.00034318465517776335,-0.00034318465517776335,-0.00034318465517776335,0.8219028697155946,0.8219028697155946,0.8219028697155946,0.8222460543707724,0.8222460543707724,0.8222460543707724,0.0,0.0,0.0,344253.23785059946
2010-12-05,188981.10607415167,288473.1775816823,356805.20877988264,188981.10607415167,188981.10607415167,0.13383163211597532,0.13383163211597532,0.13383163211597532,0.701534673538438,0.701534673538438,0.701534673538438,0.5677030414224628,0.5677030414224628,0.5677030414224628,0.0,0.0,0.0,321557.9046288146
2010-12-12,189009.63757755328,248444.9938551355,317833.38924176234,189009.63757755328,189009.63757755328,0.2654171079164345,0.2654171079164345,0.2654171079164345,0.5024662204715562,0.5024662204715562,0.5024662204715562,0.23704911255512168,0.23704911255512168,0.23704911255512168,0.0,0.0,0.0,283980.5958038451
2010-12-19,189038.1690818131,153479.7596359311,220377.62147838713,189038.1690818131,189038.1690818131,0.12791138952844586,0.12791138952844586,0.12791138952844586,-0.0028788761748123337,-0.0028788761748123337,-0.0028788761748123337,-0.1307902657032582,-0.1307902657032582,-0.1307902657032582,0.0,0.0,0.0,188493.95160071334
2010-12-26,189066.70058607298,94507.20479107401,160149.66349664435,189066.70058607298,189066.70058607298,0.06697305264549948,0.06697305264549948,0.06697305264549948,-0.3250882110914212,-0.3250882110914212,-0.3250882110914212,-0.3920612637369207,-0.3920612637369207,-0.3920612637369207,0.0,0.0,0.0,127603.34511558915
2011-01-09,189123.76359459263,87255.92525843473,154024.43292265362,189123.76359459263,189123.76359459263,-0.23864928632038948,-0.23864928632038948,-0.23864928632038948,-0.3621003125303709,-0.3621003125303709,-0.3621003125303709,-0.12345102620998136,-0.12345102620998136,-0.12345102620998136,0.0,0.0,0.0,120641.98969007065
2011-01-16,189152.29509621393,136350.17081841565,204752.62493203775,189152.29509621393,189152.29509621393,-0.24376503342010858,-0.24376503342010858,-0.24376503342010858,-0.10093519400056525,-0.10093519400056525,-0.10093519400056525,0.1428298394195433,0.1428298394195433,0.1428298394195433,0.0,0.0,0.0,170060.1714950254
2011-01-23,189180.82659783523,165062.2698826491,232263.34377185963,189180.82659783523,189180.82659783523,-0.08894407036355136,-0.08894407036355136,-0.08894407036355136,0.05047775507443319,0.05047775507443319,0.05047775507443319,0.13942182543798454,0.13942182543798454,0.13942182543798454,0.0,0.0,0.0,198730.25002761956
2011-01-30,189209.35810189377,131841.79031802935,197727.63597486212,189209.35810189377,189209.35810189377,0.03823525377490989,0.03823525377490989,0.03823525377490989,-0.12549587013713326,-0.12549587013713326,-0.12549587013713326,-0.16373112391204314,-0.16373112391204314,-0.16373112391204314,0.0,0.0,0.0,165464.36506880817
2011-02-06,189237.8896059523,100749.00640193607,167076.24995378382,189237.8896059523,189237.8896059523,0.22045120558881526,0.22045120558881526,0.22045120558881526,-0.2958051680268921,-0.2958051680268921,-0.2958051680268921,-0.5162563736157073,-0.5162563736157073,-0.5162563736157073,0.0,0.0,0.0,133260.34387400915
2011-02-13,189266.42111001082,67789.53304655485,136470.70615840107,189266.42111001082,189266.42111001082,0.17765656292140333,0.17765656292140333,0.17765656292140333,-0.4587723354113672,-0.4587723354113672,-0.4587723354113672,-0.6364288983327705,-0.6364288983327705,-0.6364288983327705,0.0,0.0,0.0,102436.22308241986
2011-02-20,189294.95261093922,97135.22504309051,163119.7360433912,189294.95261093922,189294.95261093922,0.16512385106764874,0.16512385106764874,0.16512385106764874,-0.30869695148543513,-0.30869695148543513,-0.30869695148543513,-0.47382080255308395,-0.47382080255308395,-0.47382080255308395,0.0,0.0,0.0,130860.17780836236
2011-02-27,189323.48411186764,125719.93285611887,194080.6122137465,189323.48411186764,189323.48411186764,0.06302069452610351,0.06302069452610351,0.06302069452610351,-0.14770323715316885,-0.14770323715316885,-0.14770323715316885,-0.21072393167927234,-0.21072393167927234,-0.21072393167927234,0.0,0.0,0.0,161359.79263942828
2011-03-06,189352.01560972194,107864.70427900575,180562.44393258588,189352.01560972194,189352.01560972194,-0.19801625370175005,-0.19801625370175005,-0.19801625370175005,-0.23595782342138052,-0.23595782342138052,-0.23595782342138052,-0.03794156971963046,-0.03794156971963046,-0.03794156971963046,0.0,0.0,0.0,144672.92614600068
2011-03-13,189380.5471075762,108728.68876366284,175819.15926824135,189380.5471075762,189380.5471075762,-0.26410088303988044,-0.26410088303988044,-0.26410088303988044,-0.24898517578582877,-0.24898517578582877,-0.24898517578582877,0.015115707254051619,0.015115707254051619,0.015115707254051619,0.0,0.0,0.0,142227.5982955799
2011-03-20,189409.07860543046,129325.09115652998,195612.45135101216,189409.07860543046,189409.07860543046,-0.15684507970424663,-0.15684507970424663,-0.15684507970424663,-0.13446697472611024,-0.13446697472611024,-0.13446697472611024,0.0223781049781364,0.0223781049781364,0.0223781049781364,0.0,0.0,0.0,163939.8128196982
2011-03-27,189437.61010010238,143413.2391463935,211575.66338113268,189437.61010010238,189437.61010010238,-0.06213668230481571,-0.06213668230481571,-0.06213668230481571,-0.06043626952159079,-0.06043626952159079,-0.06043626952159079,0.0017004127832248792,0.0017004127832248792,0.0017004127832248792,0.0,0.0,0.0,177988.70763856656
2011-04-03,189466.14159477432,159291.10221590733,228949.27925893795,189466.14159477432,189466.14159477432,0.13927951232292168,0.13927951232292168,0.13927951232292168,0.028595139106857542,0.028595139106857542,0.028595139106857542,-0.11068437321606407,-0.11068437321606407,-0.11068437321606407,0.0,0.0,0.0,194883.95226971645
2011-04-10,189494.6730894462,128296.66994648123,196386.29679901432,189494.6730894462,189494.6730894462,0.18803183061589715,0.18803183061589715,0.18803183061589715,-0.13475619183820844,-0.13475619183820844,-0.13475619183820844,-0.3227880224541056,-0.3227880224541056,-0.3227880224541056,0.0,0.0,0.0,163959.09257028622
2011-04-17,189523.20458411812,102899.28860231102,172256.678797368,189523.20458411812,189523.20458411812,0.22667730546839504,0.22667730546839504,0.22667730546839504,-0.26764042857709414,-0.26764042857709414,-0.26764042857709414,-0.4943177340454892,-0.4943177340454892,-0.4943177340454892,0.0,0.0,0.0,138799.13288392045
2011-04-24,189551.73607879007,102040.45326544235,168025.33927689615,189551.73607879007,189551.73607879007,0.15720568522440323,0.15720568522440323,0.15720568522440323,-0.29145074923583514,-0.29145074923583514,-0.29145074923583514,-0.44865643446023845,-0.44865643446023845,-0.44865643446023845,0.0,0.0,0.0,134306.7405796734
2011-05-01,189580.26757346196,97847.20377164861,165622.34372138727,189580.26757346196,189580.26757346196,-0.1286967223239285,-0.1286967223239285,-0.1286967223239285,-0.30584220748598934,-0.30584220748598934,-0.30584220748598934,-0.17714548516206086,-0.17714548516206086,-0.17714548516206086,0.0,0.0,0.0,131598.62004300984
2011-05-08,189608.79906813387,137186.86625622885,202214.90613126085,189608.79906813387,189608.79906813387,-0.23278706764661292,-0.23278706764661292,-0.23278706764661292,-0.11572621730346708,-0.11572621730346708,-0.11572621730346708,0.11706085034314581,0.11706085034314581,0.11706085034314581,0.0,0.0,0.0,167666.08998452558
2011-05-15,189637.33056280582,158465.14204369407,226421.93390420408,189637.33056280582,189637.33056280582,-0.18808268141091627,-0.18808268141091627,-0.18808268141091627,0.019989728745786972,0.019989728745786972,0.019989728745786972,0.2080724101567032,0.2080724101567032,0.2080724101567032,0.0,0.0,0.0,193428.12936083146
2011-05-22,189665.86205747773,139412.41407384022,207062.0944818237,189665.86205747773,189665.86205747773,-0.15054574836313034,-0.15054574836313034,-0.15054574836313034,-0.08840626038205197,-0.08840626038205197,-0.08840626038205197,0.06213948798107831,0.06213948798107831,0.06213948798107831,0.0,0.0,0.0,172898.21247083799
2011-05-29,189694.39355214962,131925.89030725483,199169.5639992864,189694.39355214962,189694.39355214962,0.03402926175782312,0.03402926175782312,0.03402926175782312,-0.12444997653472928,-0.12444997653472928,-0.12444997653472928,-0.15847923829255242,-0.15847923829255242,-0.15847923829255242,0.0,0.0,0.0,166086.9307258149
2011-06-05,189722.92504682156,129874.5339105216,202209.27659431522,189722.92504682156,189722.92504682156,0.1560176168185532,0.1560176168185532,0.1560176168185532,-0.12961851710694997,-0.12961851710694997,-0.12961851710694997,-0.2856361339255032,-0.2856361339255032,-0.2856361339255032,0.0,0.0,0.0,165131.32084105955
2011-06-12,189751.45654149348,146401.2155478192,214218.872682143,189751.45654149348,189751.45654149348,0.24060181571255906,0.24060181571255906,0.24060181571255906,-0.05408411778514369,-0.05408411778514369,-0.05408411778514369,-0.2946859334977028,-0.2946859334977028,-0.2946859334977028,0.0,0.0,0.0,179488.91641600078
2011-06-19,189779.98803616536,150692.37320148846,218512.28339717322,189779.98803616536,189779.98803616536,0.22988095917377446,0.22988095917377446,0.22988095917377446,-0.02931756176571143,-0.02931756176571143,-0.02931756176571143,-0.2591985209394859,-0.2591985209394859,-0.2591985209394859,0.0,0.0,0.0,184216.1015150191
2011-06-26,189808.51953083728,108253.54318021769,177659.09354477187,189808.51953083728,189808.51953083728,-0.04129977629529093,-0.04129977629529093,-0.04129977629529093,-0.25515616092091575,-0.25515616092091575,-0.25515616092091575,-0.21385638462562484,-0.21385638462562484,-0.21385638462562484,0.0,0.0,0.0,141377.70637726618
2011-07-03,189837.05102550922,101520.29788582529,171134.89298510677,189837.05102550922,189837.05102550922,-0.15543813849637098,-0.15543813849637098,-0.15543813849637098,-0.2805964146549502,-0.2805964146549502,-0.2805964146549502,-0.12515827615857927,-0.12515827615857927,-0.12515827615857927,0.0,0.0,0.0,136569.4551390825
2011-07-10,189865.58252018114,124937.58637442596,192183.30210329944,189865.58252018114,189865.58252018114,-0.17524781440527265,-0.17524781440527265,-0.17524781440527265,-0.17017852612741396,-0.17017852612741396,-0.17017852612741396,0.005069288277858686,0.005069288277858686,0.005069288277858686,0.0,0.0,0.0,157554.5375245738
2011-07-17,189894.11401485302,129068.99734224738,199084.15422798824,189894.11401485302,189894.11401485302,-0.214041780273306,-0.214041780273306,-0.214041780273306,-0.13835887360785162,-0.13835887360785162,-0.13835887360785162,0.0756829066654544,0.0756829066654544,0.0756829066654544,0.0,0.0,0.0,163620.57829499702
2011-07-24,189922.64550952497,138635.40643049675,204634.19681604052,189922.64519754713,189922.64573340656,-0.07807236990067734,-0.07807236990067734,-0.07807236990067734,-0.09532690813630895,-0.09532690813630895,-0.09532690813630895,-0.017254538235631653,-0.017254538235631653,-0.017254538235631653,0.0,0.0,0.0,171817.9069280337
2011-07-31,189951.17700419688,127203.30562143493,192934.85739319684,189951.1753475046,189951.17822015492,0.08815110347796921,0.08815110347796921,0.08815110347796921,-0.1459848731306259,-0.1459848731306259,-0.1459848731306259,-0.23413597660859511,-0.23413597660859511,-0.23413597660859511,0.0,0.0,0.0,162221.17852822613
2011-08-07,189979.70849886877,118885.66550021208,187705.28327455962,189979.70469497767,189979.71169258826,0.20654614947376973,0.20654614947376973,0.20654614947376973,-0.19369963043690885,-0.19369963043690885,-0.19369963043690885,-0.40024577991067856,-0.40024577991067856,-0.40024577991067856,0.0,0.0,0.0,153180.70917212623
2011-08-14,190008.23999354072,130777.2770309197,201455.45760261075,190008.23371878793,190008.2459596899,0.2683173568561985,0.2683173568561985,0.2683173568561985,-0.1188921330013226,-0.1188921330013226,-0.1188921330013226,-0.3872094898575211,-0.3872094898575211,-0.3872094898575211,0.0,0.0,0.0,167417.75505288143
2011-08-21,190036.77148821263,115794.96356685842,183854.7680719727,190036.76266384832,190036.7805949739,0.0497365586771507,0.0497365586771507,0.0497365586771507,-0.20308846475232994,-0.20308846475232994,-0.20308846475232994,-0.25282502342948066,-0.25282502342948066,-0.25282502342948066,0.0,0.0,0.0,151442.49532018218
2011-08-28,190065.30298288455,115336.19558993446,183486.09315012617,190065.29092085687,190065.31579453373,-0.0479408719294254,-0.0479408719294254,-0.0479408719294254,-0.20600994923249197,-0.20600994923249197,-0.20600994923249197,-0.15806907730306666,-0.15806907730306666,-0.15806907730306666,0.0,0.0,0.0,150909.95956452232
2011-09-04,190093.83447755646,103540.36919714182,169259.18596063336,190093.8192922716,190093.85209761845,-0.12079231881395248,-0.12079231881395248,-0.12079231881395248,-0.2771139056744382,-0.2771139056744382,-0.2771139056744382,-0.1563215868604858,-0.1563215868604858,-0.1563215868604858,0.0,0.0,0.0,137416.1895608506
2011-09-11,190122.36597222838,85228.55201006935,153099.23946083727,190122.34689245225,190122.38931210068,-0.24448666777674374,-0.24448666777674374,-0.24448666777674374,-0.36589328066103755,-0.36589328066103755,-0.36589328066103755,-0.12140661288429382,-0.12140661288429382,-0.12140661288429382,0.0,0.0,0.0,120557.86975961132
